run_id,observer_name,lane,fire_id,fire_time_utc,signal_symbol,signal_mint,control_symbol,control_mint,signal_net_1m,control_net_1m,delta_1m,signal_net_5m,control_net_5m,delta_5m,signal_net_15m,control_net_15m,delta_15m,signal_net_30m,control_net_30m,delta_30m,signal_entry_r_m5,control_entry_r_m5,signal_entry_rv5m,control_entry_rv5m,signal_entry_vol_h1,control_entry_vol_h1,signal_entry_liquidity,control_entry_liquidity,row_valid_signal,row_valid_control,signal_fwd_jitter_5m_sec,control_fwd_jitter_5m_sec,outlier_flag
0c5337dd-2488-4730-90b6-e371fd1e9511,lcr_continuation_observer_v1,lcr,20260305_0445,2026-03-05T04:45:00+00:00,CHILLGUY,Df6yfrKC8kZE3KNkrHERKzAetSxbrWeniQfyJY4Jpump,FWOG,A8C3xuqscfmyLrte3VmTqrAq8kgMASius9AFNANwpump,-0.01499700000000003,-0.011129700000000011,-0.003867300000000018,-0.01499700000000003,-0.011129700000000011,-0.003867300000000018,-0.014708599999999952,-0.010810100000000036,-0.003898499999999916,-0.014737300000000056,-0.010812000000000035,-0.0039253000000000204,0.02,-0.49,0.0,0.1103419704413702,1162.93,1963.51,1116363.55,1480283.61,1,1,1,2,0
0c5337dd-2488-4730-90b6-e371fd1e9511,lcr_continuation_observer_v1,lcr,20260305_0500,2026-03-05T05:00:00+00:00,CHILLGUY,Df6yfrKC8kZE3KNkrHERKzAetSxbrWeniQfyJY4Jpump,POPCAT,7GCihgDB8fe6KNjn2MYtkzZcRjQy3t9GHdC8uHYmW2hr,-0.01499700000000003,-0.011091199999999959,-0.0039058000000000703,-0.01499700000000003,-0.010854200000000027,-0.004142800000000002,-0.015025700000000022,-0.011251000000000002,-0.0037747000000000197,-0.01667589999999996,-0.013737100000000049,-0.00293879999999991,0.57,0.0,0.09112852877806624,0.0,1233.33,2082.88,1119959.48,3350333.12,1,1,6,6,0
0c5337dd-2488-4730-90b6-e371fd1e9511,lcr_continuation_observer_v1,lcr,20260305_0515,2026-03-05T05:15:00+00:00,FWOG,A8C3xuqscfmyLrte3VmTqrAq8kgMASius9AFNANwpump,CHILLGUY,Df6yfrKC8kZE3KNkrHERKzAetSxbrWeniQfyJY4Jpump,-0.011644100000000037,-0.01499700000000003,0.003352899999999992,-0.011644100000000037,-0.015178600000000033,0.003534499999999996,-0.009048200000000053,-0.016647199999999966,0.007598999999999913,-0.01163190000000002,-0.0177178,0.006085899999999979,0.62,-0.43,0.1029653720215389,0.10413805165512816,353.71,483.4,1487150.85,1117878.64,1,1,8,8,0
0c5337dd-2488-4730-90b6-e371fd1e9511,lcr_continuation_observer_v1,lcr,20260305_0545,2026-03-05T05:45:00+00:00,JUP,JUPyiwrYJFskUPiHa7hkeR8VUtAeFoSYbKedZNsDvCN,FWOG,A8C3xuqscfmyLrte3VmTqrAq8kgMASius9AFNANwpump,-0.010196399999999986,-0.014099100000000022,0.0039027000000000367,-0.009096299999999937,-0.014099100000000022,0.005002800000000085,-0.007282800000000025,-0.01514429999999999,0.007861499999999966,-0.006015899999999954,-0.014991500000000038,0.008975600000000084,0.03,-0.29,0.03675588784497197,0.06493082625875003,36975.52,2277.72,403440.07,1475883.17,1,1,1,1,0
0c5337dd-2488-4730-90b6-e371fd1e9511,lcr_continuation_observer_v1,lcr,20260305_0600,2026-03-05T06:00:00+00:00,BOME,ukHH6c7mMyiWCf1b9pnWe25TSpkDDt3H5pQZgZ74J82,$WIF,EKpQGSJtjMFqKZ9KQanSqYXRcF8fBopzLHYxdM65zcjm,-0.014994199999999949,-0.008161199999999971,-0.006832999999999978,-0.014997999999999947,-0.008127399999999998,-0.006870599999999949,-0.015694800000000002,-0.01071319999999997,-0.004981600000000032,-0.01686359999999997,-0.01150220000000001,-0.005361399999999962,0.65,0.0,0.1490614031072168,0.0,3600.61,2690.45,9557672.94,5262372.36,1,1,4,4,0
0c5337dd-2488-4730-90b6-e371fd1e9511,lcr_continuation_observer_v1,lcr,20260305_0615,2026-03-05T06:15:00+00:00,JUP,JUPyiwrYJFskUPiHa7hkeR8VUtAeFoSYbKedZNsDvCN,POPCAT,7GCihgDB8fe6KNjn2MYtkzZcRjQy3t9GHdC8uHYmW2hr,-0.010799100000000053,-0.011113400000000042,0.0003142999999999896,-0.010747999999999971,-0.01245379999999995,0.0017057999999999796,-0.016219399999999988,-0.013383800000000048,-0.00283559999999994,-0.016499400000000046,-0.011861899999999972,-0.004637500000000074,0.11,0.0,0.04594344756595561,0.0,24994.2,8289.4,403069.24,3307233.94,1,1,7,7,0
0c5337dd-2488-4730-90b6-e371fd1e9511,lcr_continuation_observer_v1,lcr,20260305_0630,2026-03-05T06:30:00+00:00,CHILLGUY,Df6yfrKC8kZE3KNkrHERKzAetSxbrWeniQfyJY4Jpump,POPCAT,7GCihgDB8fe6KNjn2MYtkzZcRjQy3t9GHdC8uHYmW2hr,-0.01499700000000003,-0.010597300000000023,-0.004399700000000006,-0.010829300000000033,-0.01002230000000003,-0.0008070000000000022,-0.012429800000000038,-0.009485200000000074,-0.002944599999999964,-0.012429800000000038,-0.00820679999999995,-0.004223000000000088,2.02,0.0,0.33225833762355045,0.0,6583.83,5494.3,1124389.98,3308332.81,1,1,9,9,0
0c5337dd-2488-4730-90b6-e371fd1e9511,lcr_continuation_observer_v1,lcr,20260305_0700,2026-03-05T07:00:00+00:00,JUP,JUPyiwrYJFskUPiHa7hkeR8VUtAeFoSYbKedZNsDvCN,CHILLGUY,Df6yfrKC8kZE3KNkrHERKzAetSxbrWeniQfyJY4Jpump,-0.010146199999999985,-0.01430609999999998,0.004159899999999994,-0.01087309999999996,-0.02219870000000001,0.011325600000000048,-0.007399900000000006,-0.02219870000000001,0.014798800000000003,-0.0041470999999999505,-0.02513560000000003,0.020988500000000077,0.08,0.0,0.020924960161387906,0.0,28593.79,8410.22,407283.9,1124345.77,1,1,2,3,0
0c5337dd-2488-4730-90b6-e371fd1e9511,lcr_continuation_observer_v1,lcr,20260305_0715,2026-03-05T07:15:00+00:00,Pnut ,2qEHjDLDLbuBgRYvsxhc5D6uDWAivNFZGan56P1tpump,BOME,ukHH6c7mMyiWCf1b9pnWe25TSpkDDt3H5pQZgZ74J82,-0.014994999999999972,-0.014994199999999949,-8.000000000230045e-07,-0.018021500000000017,-0.014994199999999949,-0.003027300000000068,-0.019671600000000004,-0.015203100000000016,-0.004468499999999988,-0.019671600000000004,-0.013777200000000036,-0.005894399999999968,0.55,0.0,0.09087213251864716,0.0,4792.75,6467.89,2945540.07,9588266.06,1,1,5,5,0
0c5337dd-2488-4730-90b6-e371fd1e9511,lcr_continuation_observer_v1,lcr,20260305_0730,2026-03-05T07:30:00+00:00,$WIF,EKpQGSJtjMFqKZ9KQanSqYXRcF8fBopzLHYxdM65zcjm,Pnut ,2qEHjDLDLbuBgRYvsxhc5D6uDWAivNFZGan56P1tpump,-0.009807899999999972,-0.014994999999999972,0.0051871,-0.00755130000000003,-0.014994999999999972,0.007443699999999942,-0.005993499999999976,-0.014994999999999972,0.009001499999999996,-0.003150100000000036,-0.015179000000000045,0.012028900000000009,0.38,-0.09,0.0853244066274703,0.018932597226384004,9167.74,7737.43,5346157.82,2935460.27,1,1,6,7,0
0c5337dd-2488-4730-90b6-e371fd1e9511,lcr_continuation_observer_v1,lcr,20260305_0745,2026-03-05T07:45:00+00:00,POPCAT,7GCihgDB8fe6KNjn2MYtkzZcRjQy3t9GHdC8uHYmW2hr,Pnut ,2qEHjDLDLbuBgRYvsxhc5D6uDWAivNFZGan56P1tpump,-0.01102749999999996,-0.014994999999999972,0.003967500000000013,-0.011055600000000046,-0.014994999999999972,0.003939399999999926,-0.011837300000000042,-0.015179000000000045,0.003341700000000003,-0.010334799999999969,-0.015179000000000045,0.004844200000000076,0.47,0.0,0.14226256236510904,0.0,4694.73,7683.96,3347464.97,2935460.27,1,1,9,9,0
0c5337dd-2488-4730-90b6-e371fd1e9511,lcr_continuation_observer_v1,lcr,20260305_0800,2026-03-05T08:00:00+00:00,FWOG,A8C3xuqscfmyLrte3VmTqrAq8kgMASius9AFNANwpump,CHILLGUY,Df6yfrKC8kZE3KNkrHERKzAetSxbrWeniQfyJY4Jpump,-0.012166000000000001,-0.01499700000000003,0.002831000000000028,-0.012166000000000001,-0.014115599999999997,0.0019495999999999958,-0.012624300000000024,-0.014115599999999997,0.0014912999999999732,-0.01614669999999995,-0.005246000000000075,-0.010900699999999876,0.18,-1.33,0.2479854409928887,0.27094029466454667,32973.67,7597.59,1514752.22,1113250.05,1,1,1,1,0
0c5337dd-2488-4730-90b6-e371fd1e9511,lcr_continuation_observer_v1,lcr,20260305_0815,2026-03-05T08:15:00+00:00,JUP,JUPyiwrYJFskUPiHa7hkeR8VUtAeFoSYbKedZNsDvCN,FWOG,A8C3xuqscfmyLrte3VmTqrAq8kgMASius9AFNANwpump,-0.009937000000000076,-0.0119285,0.001991499999999924,-0.012600200000000053,-0.015625800000000016,0.0030255999999999634,-0.01502210000000003,-0.015453299999999994,0.00043119999999996494,-0.012708000000000044,-0.015177199999999993,0.002469199999999949,0.28,-0.31,0.04822040895348692,0.072519653833701,54900.84,33057.97,405406.72,1514102.76,1,1,4,4,0
0c5337dd-2488-4730-90b6-e371fd1e9511,lcr_continuation_observer_v1,lcr,20260305_0830,2026-03-05T08:30:00+00:00,Pnut ,2qEHjDLDLbuBgRYvsxhc5D6uDWAivNFZGan56P1tpump,POPCAT,7GCihgDB8fe6KNjn2MYtkzZcRjQy3t9GHdC8uHYmW2hr,-0.014994999999999972,-0.011089699999999971,-0.0039053000000000004,-0.014560800000000032,-0.00983310000000003,-0.004727700000000001,-0.01457200000000002,-0.010814899999999952,-0.0037571000000000687,-0.015551100000000031,-0.011868599999999998,-0.003682500000000033,0.13,-0.61,0.028760856320616427,0.14106734420988473,281.67,4823.89,2894908.93,3318506.34,1,1,5,6,0
0c5337dd-2488-4730-90b6-e371fd1e9511,lcr_continuation_observer_v1,lcr,20260305_0845,2026-03-05T08:45:00+00:00,POPCAT,7GCihgDB8fe6KNjn2MYtkzZcRjQy3t9GHdC8uHYmW2hr,BOME,ukHH6c7mMyiWCf1b9pnWe25TSpkDDt3H5pQZgZ74J82,-0.010946200000000008,-0.014994199999999949,0.0040479999999999405,-0.011018900000000045,-0.014183900000000018,0.0031649999999999734,-0.011954600000000029,-0.014392199999999957,0.0024375999999999287,-0.00856619999999996,-0.014848500000000034,0.006282300000000074,0.34,0.0,0.07705366279017441,0.0,4137.64,3148.85,3335754.78,9551786.07,1,1,8,8,0
0c5337dd-2488-4730-90b6-e371fd1e9511,lcr_continuation_observer_v1,lcr,20260305_0900,2026-03-05T09:00:00+00:00,JUP,JUPyiwrYJFskUPiHa7hkeR8VUtAeFoSYbKedZNsDvCN,CHILLGUY,Df6yfrKC8kZE3KNkrHERKzAetSxbrWeniQfyJY4Jpump,-0.009750600000000045,-0.01499700000000003,0.005246399999999984,-0.008638399999999926,-0.01552509999999995,0.006886700000000023,-0.0040903000000000935,-0.01610920000000004,0.012018899999999945,-0.0032430000000000982,-0.010404599999999977,0.007161599999999879,0.04,0.0,0.041522582903228536,0.0,53622.78,4366.92,407753.95,1125439.24,1,1,1,2,0
0c5337dd-2488-4730-90b6-e371fd1e9511,lcr_continuation_observer_v1,lcr,20260305_0915,2026-03-05T09:15:00+00:00,JUP,JUPyiwrYJFskUPiHa7hkeR8VUtAeFoSYbKedZNsDvCN,CHILLGUY,Df6yfrKC8kZE3KNkrHERKzAetSxbrWeniQfyJY4Jpump,-0.009724999999999975,-0.01499700000000003,0.005272000000000054,-0.009231399999999992,-0.014758799999999952,0.00552739999999996,-0.00885259999999998,-0.009285999999999897,0.0004333999999999172,-0.00596079999999998,-0.008548599999999898,0.002587799999999918,0.48,0.0,0.07277227384869053,0.0,62839.08,4435.8,410963.82,1132570.69,1,1,4,4,0
0c5337dd-2488-4730-90b6-e371fd1e9511,lcr_continuation_observer_v1,lcr,20260305_0930,2026-03-05T09:30:00+00:00,CHILLGUY,Df6yfrKC8kZE3KNkrHERKzAetSxbrWeniQfyJY4Jpump,FWOG,A8C3xuqscfmyLrte3VmTqrAq8kgMASius9AFNANwpump,-0.015522099999999974,-0.01259330000000002,-0.0029287999999999537,-0.015522099999999974,-0.013200399999999992,-0.002321699999999982,-0.014263699999999982,-0.014902799999999985,0.0006391000000000036,-0.012290000000000014,-0.027949899999999965,0.01565989999999995,0.38,0.0,0.16854820321281633,0.0,3182.35,1417.11,1139745.01,1538318.77,1,1,6,6,0
0c5337dd-2488-4730-90b6-e371fd1e9511,lcr_continuation_observer_v1,lcr,20260305_0945,2026-03-05T09:45:00+00:00,Pnut ,2qEHjDLDLbuBgRYvsxhc5D6uDWAivNFZGan56P1tpump,POPCAT,7GCihgDB8fe6KNjn2MYtkzZcRjQy3t9GHdC8uHYmW2hr,-0.014994999999999972,-0.010978799999999947,-0.004016200000000025,-0.013963799999999962,-0.010165599999999988,-0.003798199999999974,-0.009507099999999982,-0.011414099999999974,0.001906999999999992,-0.008964900000000045,-0.010170699999999968,0.0012057999999999236,0.47,-0.07,0.10849330138783639,0.1609611287382288,6608.84,6570.67,2939752.55,3379074.94,1,1,8,8,0
0c5337dd-2488-4730-90b6-e371fd1e9511,lcr_continuation_observer_v1,lcr,20260305_1000,2026-03-05T10:00:00+00:00,POPCAT,7GCihgDB8fe6KNjn2MYtkzZcRjQy3t9GHdC8uHYmW2hr,FWOG,A8C3xuqscfmyLrte3VmTqrAq8kgMASius9AFNANwpump,-0.010867900000000033,-0.011314499999999996,0.0004465999999999637,-0.010467899999999966,-0.011122999999999985,0.0006551000000000196,-0.009374500000000055,-0.009811599999999912,0.00043709999999985705,-0.00889960000000011,-0.01321490000000002,0.004315299999999911,0.55,-0.08,0.10737941833511878,0.20724642745800415,7489.99,12287.14,3377709.7,1523199.23,1,1,0,1,0
0c5337dd-2488-4730-90b6-e371fd1e9511,lcr_continuation_observer_v1,lcr,20260305_1015,2026-03-05T10:15:00+00:00,POPCAT,7GCihgDB8fe6KNjn2MYtkzZcRjQy3t9GHdC8uHYmW2hr,Pnut ,2qEHjDLDLbuBgRYvsxhc5D6uDWAivNFZGan56P1tpump,-0.010113800000000053,-0.014994999999999972,0.004881199999999919,-0.009577200000000055,-0.01689910000000005,0.007321899999999994,-0.009612200000000062,-0.020122100000000025,0.010509899999999963,-0.006248900000000104,-0.017433800000000048,0.011184899999999944,0.82,0.0,0.16978314305763553,0.0,5192.13,7384.59,3387941.72,2951295.58,1,1,4,4,0
0c5337dd-2488-4730-90b6-e371fd1e9511,lcr_continuation_observer_v1,lcr,20260305_1030,2026-03-05T10:30:00+00:00,CHILLGUY,Df6yfrKC8kZE3KNkrHERKzAetSxbrWeniQfyJY4Jpump,FWOG,A8C3xuqscfmyLrte3VmTqrAq8kgMASius9AFNANwpump,-0.014997299999999983,-0.01268999999999997,-0.002307300000000012,-0.0179418,-0.010535500000000022,-0.0074062999999999785,-0.019678900000000048,-0.012549299999999977,-0.007129600000000071,-0.019852100000000032,-0.011571800000000012,-0.00828030000000002,1.06,-0.07,0.24255633932695791,0.014503919172553637,5869.51,11163.5,1149996.18,1530426.74,1,1,6,7,0
0c5337dd-2488-4730-90b6-e371fd1e9511,lcr_continuation_observer_v1,lcr,20260305_1045,2026-03-05T10:45:00+00:00,$WIF,EKpQGSJtjMFqKZ9KQanSqYXRcF8fBopzLHYxdM65zcjm,BOME,ukHH6c7mMyiWCf1b9pnWe25TSpkDDt3H5pQZgZ74J82,-0.010301299999999949,-0.01499559999999999,0.00469430000000004,-0.009807099999999949,-0.014994999999999972,0.005187900000000023,-0.008433200000000021,-0.014493799999999992,0.0060605999999999716,-0.0002244000000000048,-0.007077299999999944,0.00685289999999994,0.47,0.0,0.0839513334694688,0.0,58427.26,18519.48,5429300.6,9821437.4,1,1,9,9,0
0c5337dd-2488-4730-90b6-e371fd1e9511,lcr_continuation_observer_v1,lcr,20260305_1100,2026-03-05T11:00:00+00:00,$WIF,EKpQGSJtjMFqKZ9KQanSqYXRcF8fBopzLHYxdM65zcjm,BOME,ukHH6c7mMyiWCf1b9pnWe25TSpkDDt3H5pQZgZ74J82,-0.010956599999999974,-0.014994199999999949,0.0040375999999999745,-0.0020587000000000712,-0.01184340000000005,0.00978469999999998,-0.0018696000000000181,-0.007581400000000063,0.005711800000000045,-0.003501600000000096,-0.007583099999999945,0.004081499999999849,0.43,-0.27,0.1567410336639213,0.15032639554924482,54885.87,12071.53,5438501.31,9772533.53,1,1,2,2,0
0c5337dd-2488-4730-90b6-e371fd1e9511,lcr_continuation_observer_v1,lcr,20260305_1115,2026-03-05T11:15:00+00:00,POPCAT,7GCihgDB8fe6KNjn2MYtkzZcRjQy3t9GHdC8uHYmW2hr,$WIF,EKpQGSJtjMFqKZ9KQanSqYXRcF8fBopzLHYxdM65zcjm,-0.010127899999999959,-0.011289100000000043,0.0011612000000000844,-0.010999199999999978,-0.013062800000000032,0.0020636000000000543,-0.009884299999999948,-0.011575699999999958,0.0016914000000000096,-0.012007899999999952,-0.02388820000000002,0.011880300000000068,0.93,-0.44,0.15532386671565981,0.11478797718046764,23548.57,71286.23,3445482.89,5450241.07,1,1,5,5,0
0c5337dd-2488-4730-90b6-e371fd1e9511,lcr_continuation_observer_v1,lcr,20260305_1130,2026-03-05T11:30:00+00:00,JUP,JUPyiwrYJFskUPiHa7hkeR8VUtAeFoSYbKedZNsDvCN,$WIF,EKpQGSJtjMFqKZ9KQanSqYXRcF8fBopzLHYxdM65zcjm,-0.009905000000000044,-0.011322799999999958,0.0014177999999999136,-0.012779899999999947,-0.012996099999999946,0.00021619999999999973,-0.013101699999999985,-0.022562300000000028,0.009460600000000043,-0.011490800000000015,-0.021946000000000014,0.0104552,0.26,0.0,0.02733889206716426,0.0,158302.95,68898.63,413067.02,5437138.51,1,1,7,7,0
0c5337dd-2488-4730-90b6-e371fd1e9511,lcr_continuation_observer_v1,lcr,20260305_1145,2026-03-05T11:45:00+00:00,Pnut ,2qEHjDLDLbuBgRYvsxhc5D6uDWAivNFZGan56P1tpump,POPCAT,7GCihgDB8fe6KNjn2MYtkzZcRjQy3t9GHdC8uHYmW2hr,-0.014994999999999972,-0.012108800000000022,-0.00288619999999995,-0.014994999999999972,-0.01279229999999997,-0.002202700000000002,-0.015030500000000049,-0.0116872,-0.003343300000000049,-0.01564229999999999,-0.010700099999999982,-0.004942200000000009,0.14,-0.73,0.20639456116003088,0.1666571635412319,8592.92,15707.38,2960876.34,3411215.06,1,1,0,0,0
0c5337dd-2488-4730-90b6-e371fd1e9511,lcr_continuation_observer_v1,lcr,20260305_1200,2026-03-05T12:00:00+00:00,BOME,ukHH6c7mMyiWCf1b9pnWe25TSpkDDt3H5pQZgZ74J82,POPCAT,7GCihgDB8fe6KNjn2MYtkzZcRjQy3t9GHdC8uHYmW2hr,-0.014994199999999949,-0.011112200000000008,-0.003881999999999941,-0.015008000000000013,-0.007786000000000062,-0.007221999999999951,-0.015917799999999975,-0.01029429999999997,-0.005623500000000005,-0.015656200000000002,-0.005417599999999903,-0.0102386000000001,0.45,0.0,0.15774182930916286,0.15968859387001252,34497.91,16179.09,9725332.55,3412425.98,1,1,3,4,0
0c5337dd-2488-4730-90b6-e371fd1e9511,lcr_continuation_observer_v1,lcr,20260305_1215,2026-03-05T12:15:00+00:00,CHILLGUY,Df6yfrKC8kZE3KNkrHERKzAetSxbrWeniQfyJY4Jpump,$WIF,EKpQGSJtjMFqKZ9KQanSqYXRcF8fBopzLHYxdM65zcjm,-0.014996899999999971,-0.009657500000000088,-0.005339399999999883,-0.012948799999999974,-0.007508199999999956,-0.005440600000000018,-0.012063600000000054,-0.004188199999999967,-0.007875400000000088,-0.01660749999999999,-0.00489800000000006,-0.01170949999999993,0.68,0.0,0.11192885942016549,0.0,24088.86,23364.12,1161194.26,5377516.67,1,1,6,6,0
0c5337dd-2488-4730-90b6-e371fd1e9511,lcr_continuation_observer_v1,lcr,20260305_1230,2026-03-05T12:30:00+00:00,JUP,JUPyiwrYJFskUPiHa7hkeR8VUtAeFoSYbKedZNsDvCN,CHILLGUY,Df6yfrKC8kZE3KNkrHERKzAetSxbrWeniQfyJY4Jpump,-0.009164799999999964,-0.015006900000000037,0.005842100000000072,-0.009280399999999958,-0.016153999999999995,0.006873600000000037,-0.006210800000000063,-0.01952759999999997,0.013316799999999908,-0.009755399999999961,-0.01952759999999997,0.00977220000000001,0.21,-0.62,0.12272137968996014,0.1320707290030609,69126.68,21265.0,410255.16,1154588.32,1,1,3,3,0
0c5337dd-2488-4730-90b6-e371fd1e9511,lcr_continuation_observer_v1,lcr,20260305_1245,2026-03-05T12:45:00+00:00,$WIF,EKpQGSJtjMFqKZ9KQanSqYXRcF8fBopzLHYxdM65zcjm,BOME,ukHH6c7mMyiWCf1b9pnWe25TSpkDDt3H5pQZgZ74J82,-0.010763500000000028,-0.015473799999999973,0.004710299999999945,-0.010972500000000043,-0.016210099999999998,0.005237599999999955,-0.011787399999999995,-0.016208400000000005,0.00442100000000001,-0.014927400000000026,-0.016210099999999998,0.0012826999999999717,0.32,0.0,0.07405633071671555,0.0,7072.52,5164.37,5383499.85,9675065.82,1,1,5,5,0
0c5337dd-2488-4730-90b6-e371fd1e9511,lcr_continuation_observer_v1,lcr,20260305_1300,2026-03-05T13:00:00+00:00,BOME,ukHH6c7mMyiWCf1b9pnWe25TSpkDDt3H5pQZgZ74J82,$WIF,EKpQGSJtjMFqKZ9KQanSqYXRcF8fBopzLHYxdM65zcjm,-0.014995799999999995,-0.010583699999999965,-0.00441210000000003,-0.014995799999999995,-0.010671399999999989,-0.004324400000000006,-0.014995799999999995,-0.012739200000000053,-0.002256599999999942,-0.016397600000000005,-0.01350269999999997,-0.0028949000000000353,0.38,0.0,0.08671524007037582,0.0,8638.5,12356.69,9725785.23,5410341.1,1,1,8,8,0
0c5337dd-2488-4730-90b6-e371fd1e9511,lcr_continuation_observer_v1,lcr,20260305_1315,2026-03-05T13:15:00+00:00,CHILLGUY,Df6yfrKC8kZE3KNkrHERKzAetSxbrWeniQfyJY4Jpump,BOME,ukHH6c7mMyiWCf1b9pnWe25TSpkDDt3H5pQZgZ74J82,-0.01499700000000003,-0.014994199999999949,-2.800000000080516e-06,-0.014390600000000022,-0.016114599999999972,0.0017239999999999495,-0.01961040000000002,-0.01639599999999996,-0.0032144000000000617,-0.015538299999999996,-0.01643309999999997,0.0008947999999999751,0.28,0.0,0.07965832095957279,0.0,7239.83,6383.44,1152776.41,9706784.23,1,1,0,0,0
0c5337dd-2488-4730-90b6-e371fd1e9511,lcr_continuation_observer_v1,lcr,20260305_1330,2026-03-05T13:30:00+00:00,$WIF,EKpQGSJtjMFqKZ9KQanSqYXRcF8fBopzLHYxdM65zcjm,Pnut ,2qEHjDLDLbuBgRYvsxhc5D6uDWAivNFZGan56P1tpump,-0.005774500000000007,-0.01500670000000003,0.009232200000000024,-0.012214300000000003,-0.014751199999999956,0.002536899999999953,-0.011804600000000045,-0.013201600000000027,0.0013969999999999816,-0.007173099999999924,-0.00977589999999994,0.002602800000000016,0.08,-1.14,0.04862108212200194,0.15197105528187796,5683.98,5557.78,5348514.89,2927126.19,1,1,3,3,0
0c5337dd-2488-4730-90b6-e371fd1e9511,lcr_continuation_observer_v1,lcr,20260305_1345,2026-03-05T13:45:00+00:00,Pnut ,2qEHjDLDLbuBgRYvsxhc5D6uDWAivNFZGan56P1tpump,POPCAT,7GCihgDB8fe6KNjn2MYtkzZcRjQy3t9GHdC8uHYmW2hr,-0.01403690000000001,-0.011112200000000008,-0.0029247000000000023,-0.013786199999999962,-0.011579600000000015,-0.0022065999999999475,-0.011575499999999952,-0.008117200000000038,-0.0034582999999999142,-0.011220800000000022,-0.006197100000000058,-0.005023699999999964,0.7,0.0,0.1617285352464946,0.0,37477.86,14509.91,2928644.6,3372996.11,1,1,6,6,0
0c5337dd-2488-4730-90b6-e371fd1e9511,lcr_continuation_observer_v1,lcr,20260305_1400,2026-03-05T14:00:00+00:00,FWOG,A8C3xuqscfmyLrte3VmTqrAq8kgMASius9AFNANwpump,BOME,ukHH6c7mMyiWCf1b9pnWe25TSpkDDt3H5pQZgZ74J82,-0.014996200000000006,-0.014994199999999949,-2.0000000000575113e-06,-0.014996200000000006,-0.014994199999999949,-2.0000000000575113e-06,-0.014960399999999976,-0.01478730000000005,-0.0001730999999999261,-0.014876400000000003,-0.014372599999999949,-0.0005038000000000542,0.62,-0.24,0.14298430017559818,0.07089286006776589,36.96,9982.85,1517138.84,9594212.21,1,1,0,0,0
0c5337dd-2488-4730-90b6-e371fd1e9511,lcr_continuation_observer_v1,lcr,20260305_1415,2026-03-05T14:15:00+00:00,BOME,ukHH6c7mMyiWCf1b9pnWe25TSpkDDt3H5pQZgZ74J82,$WIF,EKpQGSJtjMFqKZ9KQanSqYXRcF8fBopzLHYxdM65zcjm,-0.014994199999999949,-0.010122799999999979,-0.00487139999999997,-0.014994199999999949,-0.012097899999999986,-0.002896299999999963,-0.014579600000000017,-0.013507099999999985,-0.0010725000000000318,-0.007518600000000033,-0.0014914999999999703,-0.006027100000000063,0.77,0.0,0.17567215495276436,0.1393730253467045,10485.2,10755.37,9626465.06,5328946.03,1,1,3,4,0
0c5337dd-2488-4730-90b6-e371fd1e9511,lcr_continuation_observer_v1,lcr,20260305_1445,2026-03-05T14:45:00+00:00,Pnut ,2qEHjDLDLbuBgRYvsxhc5D6uDWAivNFZGan56P1tpump,CHILLGUY,Df6yfrKC8kZE3KNkrHERKzAetSxbrWeniQfyJY4Jpump,-0.014994999999999972,-0.0203046,0.005309600000000027,-0.016546500000000013,-0.01901540000000001,0.002468899999999996,-0.016947700000000003,-0.021268700000000022,0.004321000000000019,-0.020236000000000025,-0.023302000000000038,0.003066000000000013,0.04,-1.0,0.12851955678104643,0.04688866472330648,6171.0,11779.43,2914509.69,1124394.0,1,1,8,8,0
0c5337dd-2488-4730-90b6-e371fd1e9511,lcr_continuation_observer_v1,lcr,20260305_1500,2026-03-05T15:00:00+00:00,Pnut ,2qEHjDLDLbuBgRYvsxhc5D6uDWAivNFZGan56P1tpump,POPCAT,7GCihgDB8fe6KNjn2MYtkzZcRjQy3t9GHdC8uHYmW2hr,-0.015083999999999978,-0.011149999999999985,-0.003933999999999993,-0.015350199999999972,-0.008135100000000053,-0.007215099999999919,-0.018289800000000016,-0.012215300000000031,-0.006074499999999984,-0.01897769999999998,-0.013763199999999967,-0.0052145000000000125,1.15,-0.17,0.18308347143655132,0.03723332610812935,5086.43,11748.28,2928081.28,3376933.62,1,1,2,2,0
0c5337dd-2488-4730-90b6-e371fd1e9511,lcr_continuation_observer_v1,lcr,20260305_1515,2026-03-05T15:15:00+00:00,JUP,JUPyiwrYJFskUPiHa7hkeR8VUtAeFoSYbKedZNsDvCN,CHILLGUY,Df6yfrKC8kZE3KNkrHERKzAetSxbrWeniQfyJY4Jpump,-0.008907599999999896,-0.017832700000000028,0.008925100000000132,-0.009620399999999965,-0.017828100000000006,0.008207700000000042,-0.008763499999999915,-0.015487400000000031,0.006723900000000116,-0.016190200000000037,-0.01632619999999995,0.00013599999999991397,0.18,-0.58,0.06590636994106905,0.3744264705766707,86012.66,12811.91,403317.36,1113966.27,1,1,5,5,0
0c5337dd-2488-4730-90b6-e371fd1e9511,lcr_continuation_observer_v1,lcr,20260305_1545,2026-03-05T15:45:00+00:00,CHILLGUY,Df6yfrKC8kZE3KNkrHERKzAetSxbrWeniQfyJY4Jpump,Pnut ,2qEHjDLDLbuBgRYvsxhc5D6uDWAivNFZGan56P1tpump,-0.01499700000000003,-0.014980600000000002,-1.6400000000027504e-05,-0.01789859999999998,-0.018590699999999953,0.0006920999999999733,-0.024907600000000023,-0.019228400000000027,-0.005679199999999995,-0.027767800000000002,-0.027855100000000015,8.730000000001237e-05,0.32,-0.32,0.08703750426309047,0.07361055868065286,9655.54,11304.44,1113982.04,2880774.03,1,1,9,9,0
0c5337dd-2488-4730-90b6-e371fd1e9511,lcr_continuation_observer_v1,lcr,20260305_1600,2026-03-05T16:00:00+00:00,FWOG,A8C3xuqscfmyLrte3VmTqrAq8kgMASius9AFNANwpump,CHILLGUY,Df6yfrKC8kZE3KNkrHERKzAetSxbrWeniQfyJY4Jpump,-0.014996200000000006,-0.015291299999999999,0.0002950999999999926,-0.014996200000000006,-0.01600400000000001,0.0010078000000000049,-0.013790599999999978,-0.017885900000000003,0.004095300000000026,-0.013516399999999975,-0.019690300000000042,0.006173900000000067,0.05,-0.63,0.030755700155993784,0.17023327406802577,3360.4,9862.26,1490604.25,1107315.08,1,1,2,2,0
0c5337dd-2488-4730-90b6-e371fd1e9511,lcr_continuation_observer_v1,lcr,20260305_1615,2026-03-05T16:15:00+00:00,BOME,ukHH6c7mMyiWCf1b9pnWe25TSpkDDt3H5pQZgZ74J82,Pnut ,2qEHjDLDLbuBgRYvsxhc5D6uDWAivNFZGan56P1tpump,-0.01478029999999996,-0.014994999999999972,0.0002147000000000121,-0.01157470000000004,-0.010696499999999989,-0.0008782000000000512,-0.011580099999999973,-0.010438099999999997,-0.0011419999999999764,-0.010844199999999962,-0.008980100000000038,-0.0018640999999999242,0.01,-0.09,0.14553989562779757,0.20217893991762126,35046.35,19182.39,9339027.72,2831677.38,1,1,6,6,0
0c5337dd-2488-4730-90b6-e371fd1e9511,lcr_continuation_observer_v1,lcr,20260305_1630,2026-03-05T16:30:00+00:00,JUP,JUPyiwrYJFskUPiHa7hkeR8VUtAeFoSYbKedZNsDvCN,CHILLGUY,Df6yfrKC8kZE3KNkrHERKzAetSxbrWeniQfyJY4Jpump,-0.010366199999999983,-0.01499700000000003,0.004630800000000046,-0.00968199999999996,-0.013711800000000043,0.004029800000000083,-0.012733600000000003,-0.013695099999999951,0.0009614999999999485,-0.012340099999999956,-0.015838200000000018,0.0034981000000000612,0.5,0.0,0.08817172051682565,0.0,92546.77,14624.38,396494.94,1089431.24,1,1,0,0,0
0c5337dd-2488-4730-90b6-e371fd1e9511,lcr_continuation_observer_v1,lcr,20260305_1645,2026-03-05T16:45:00+00:00,CHILLGUY,Df6yfrKC8kZE3KNkrHERKzAetSxbrWeniQfyJY4Jpump,Pnut ,2qEHjDLDLbuBgRYvsxhc5D6uDWAivNFZGan56P1tpump,-0.01499700000000003,-0.014994999999999972,-2.0000000000575113e-06,-0.01499700000000003,-0.01569399999999998,0.0006969999999999494,-0.017137399999999962,-0.017422400000000053,0.00028500000000009074,-0.014739200000000055,-0.018116400000000026,0.003377199999999971,0.33,-0.37,0.08504763544273741,0.08806756836733472,11099.58,16002.62,1098766.19,2848516.56,1,1,4,4,0
0c5337dd-2488-4730-90b6-e371fd1e9511,lcr_continuation_observer_v1,lcr,20260305_1730,2026-03-05T17:30:00+00:00,CHILLGUY,Df6yfrKC8kZE3KNkrHERKzAetSxbrWeniQfyJY4Jpump,FWOG,A8C3xuqscfmyLrte3VmTqrAq8kgMASius9AFNANwpump,-0.01499700000000003,-0.012488399999999946,-0.002508600000000083,-0.01865000000000005,-0.012491299999999974,-0.006158700000000074,-0.018833300000000046,-0.01276489999999996,-0.006068400000000087,-0.0222447,-0.01276489999999996,-0.00947980000000004,0.05,0.0,0.07884612126790934,0.0,3364.02,809.07,1092519.18,1472168.87,1,1,3,4,0
0c5337dd-2488-4730-90b6-e371fd1e9511,lcr_continuation_observer_v1,lcr,20260305_1745,2026-03-05T17:45:00+00:00,Pnut ,2qEHjDLDLbuBgRYvsxhc5D6uDWAivNFZGan56P1tpump,$WIF,EKpQGSJtjMFqKZ9KQanSqYXRcF8fBopzLHYxdM65zcjm,-0.01499510000000003,-0.011624100000000017,-0.003371000000000013,-0.014994900000000025,-0.010129000000000046,-0.004865899999999979,-0.0157005,-0.011508900000000035,-0.004191599999999964,-0.015700200000000046,-0.009900400000000023,-0.005799800000000023,0.72,0.0,0.19883355966149274,0.0,3669.25,3668.96,2831369.85,5164405.37,1,1,7,7,0
0c5337dd-2488-4730-90b6-e371fd1e9511,lcr_continuation_observer_v1,lcr,20260305_1815,2026-03-05T18:15:00+00:00,POPCAT,7GCihgDB8fe6KNjn2MYtkzZcRjQy3t9GHdC8uHYmW2hr,CHILLGUY,Df6yfrKC8kZE3KNkrHERKzAetSxbrWeniQfyJY4Jpump,-0.010603299999999974,-0.01499700000000003,0.004393700000000056,-0.010719299999999978,-0.01499700000000003,0.004277700000000051,-0.006519900000000014,-0.014705300000000024,0.00818540000000001,-0.007418200000000033,-0.015882799999999968,0.008464599999999935,0.36,-0.02,0.050490531202722864,0.09148728765818576,9593.66,5958.13,3283430.42,1088624.72,1,1,2,3,0
0c5337dd-2488-4730-90b6-e371fd1e9511,lcr_continuation_observer_v1,lcr,20260305_1830,2026-03-05T18:30:00+00:00,FWOG,A8C3xuqscfmyLrte3VmTqrAq8kgMASius9AFNANwpump,POPCAT,7GCihgDB8fe6KNjn2MYtkzZcRjQy3t9GHdC8uHYmW2hr,-0.010870600000000055,-0.011111900000000055,0.00024129999999999985,-0.010889200000000035,-0.011130399999999976,0.00024119999999994146,-0.011522499999999982,-0.011763599999999977,0.0002410999999999941,-0.011612599999999964,-0.011853699999999958,0.0002410999999999941,0.26,-0.25,0.06002704556152151,0.05474229693152085,9896.99,9907.07,1475936.26,3285296.36,1,1,6,7,0
0c5337dd-2488-4730-90b6-e371fd1e9511,lcr_continuation_observer_v1,lcr,20260305_1845,2026-03-05T18:45:00+00:00,JUP,JUPyiwrYJFskUPiHa7hkeR8VUtAeFoSYbKedZNsDvCN,CHILLGUY,Df6yfrKC8kZE3KNkrHERKzAetSxbrWeniQfyJY4Jpump,-0.008751799999999968,-0.018194499999999995,0.009442700000000028,-0.009077800000000016,-0.02167980000000002,0.012602000000000004,-0.009477699999999914,-0.02124840000000005,0.011770700000000136,-0.00634479999999992,-0.014100499999999952,0.007755700000000032,0.25,0.0,0.049994664404684065,0.03122560727955645,38674.74,3456.41,397221.1,1090443.64,1,1,9,10,0
0c5337dd-2488-4730-90b6-e371fd1e9511,lcr_continuation_observer_v1,lcr,20260305_1900,2026-03-05T19:00:00+00:00,$WIF,EKpQGSJtjMFqKZ9KQanSqYXRcF8fBopzLHYxdM65zcjm,Pnut ,2qEHjDLDLbuBgRYvsxhc5D6uDWAivNFZGan56P1tpump,-0.01105259999999996,-0.014994999999999972,0.0039424000000000126,-0.008354500000000034,-0.014994999999999972,0.006640499999999938,-0.0012076000000000777,-0.011076399999999978,0.0098687999999999,0.0007188000000000281,-0.007947200000000034,0.008666000000000063,0.39,-0.24,0.12624953623124677,0.0539859714858157,2477.11,3302.32,5221409.04,2843999.35,1,1,5,5,0
0c5337dd-2488-4730-90b6-e371fd1e9511,lcr_continuation_observer_v1,lcr,20260305_1915,2026-03-05T19:15:00+00:00,$WIF,EKpQGSJtjMFqKZ9KQanSqYXRcF8fBopzLHYxdM65zcjm,POPCAT,7GCihgDB8fe6KNjn2MYtkzZcRjQy3t9GHdC8uHYmW2hr,-0.008926299999999934,-0.009319999999999986,0.00039370000000005234,-0.008153700000000033,-0.008952800000000085,0.0007991000000000525,-0.007526799999999936,-0.008806000000000083,0.0012792000000001469,-0.0048433999999999335,-0.008906400000000083,0.00406300000000015,0.49,0.0,0.08488349239111156,0.04071265201039457,14197.11,8018.54,5255659.46,3319341.31,1,1,9,9,0
0c5337dd-2488-4730-90b6-e371fd1e9511,lcr_continuation_observer_v1,lcr,20260305_1945,2026-03-05T19:45:00+00:00,JUP,JUPyiwrYJFskUPiHa7hkeR8VUtAeFoSYbKedZNsDvCN,CHILLGUY,Df6yfrKC8kZE3KNkrHERKzAetSxbrWeniQfyJY4Jpump,-0.008896900000000088,-0.01499700000000003,0.006100099999999942,-0.00991870000000005,-0.015254199999999987,0.0053354999999999375,-0.007880300000000054,-0.017354799999999997,0.009474499999999943,-0.011858899999999997,-0.017242900000000054,0.005384000000000057,0.35,-0.11,0.050502213072557124,0.04877367922935123,41424.75,8598.51,398757.4,1096567.98,1,1,3,4,0
0c5337dd-2488-4730-90b6-e371fd1e9511,lcr_continuation_observer_v1,lcr,20260305_2000,2026-03-05T20:00:00+00:00,CHILLGUY,Df6yfrKC8kZE3KNkrHERKzAetSxbrWeniQfyJY4Jpump,FWOG,A8C3xuqscfmyLrte3VmTqrAq8kgMASius9AFNANwpump,-0.01499700000000003,-0.009022000000000077,-0.005974999999999953,-0.01499700000000003,-0.01403880000000001,-0.0009582000000000201,-0.01488489999999997,-0.010753699999999968,-0.0041312000000000015,-0.015296599999999985,-0.010489500000000032,-0.004807099999999953,0.29,0.0,0.14700815356282398,0.0,8487.69,3658.37,1094561.41,1490119.41,1,1,7,7,0
0c5337dd-2488-4730-90b6-e371fd1e9511,lcr_continuation_observer_v1,lcr,20260305_2015,2026-03-05T20:15:00+00:00,POPCAT,7GCihgDB8fe6KNjn2MYtkzZcRjQy3t9GHdC8uHYmW2hr,BOME,ukHH6c7mMyiWCf1b9pnWe25TSpkDDt3H5pQZgZ74J82,-0.007519100000000103,-0.014994199999999949,0.007475099999999846,-0.007763299999999909,-0.013668800000000028,0.005905500000000119,-0.007835999999999945,-0.013249999999999975,0.00541400000000003,-0.008672999999999922,-0.012456299999999967,0.003783300000000045,1.15,0.0,0.2721533438594766,0.0,16211.86,15874.31,3343026.1,9391063.13,1,1,0,0,0
0c5337dd-2488-4730-90b6-e371fd1e9511,lcr_continuation_observer_v1,lcr,20260305_2030,2026-03-05T20:30:00+00:00,FWOG,A8C3xuqscfmyLrte3VmTqrAq8kgMASius9AFNANwpump,CHILLGUY,Df6yfrKC8kZE3KNkrHERKzAetSxbrWeniQfyJY4Jpump,-0.012769400000000033,-0.014996600000000018,0.0022271999999999847,-0.012370800000000006,-0.014906900000000048,0.002536100000000041,-0.013573700000000013,-0.016233200000000052,0.0026595000000000386,-0.012520300000000031,-0.012612700000000024,9.239999999999249e-05,0.01,0.0,0.0,0.0,1858.42,2348.95,1497685.28,1097076.03,1,1,4,4,0
0c5337dd-2488-4730-90b6-e371fd1e9511,lcr_continuation_observer_v1,lcr,20260305_2100,2026-03-05T21:00:00+00:00,CHILLGUY,Df6yfrKC8kZE3KNkrHERKzAetSxbrWeniQfyJY4Jpump,POPCAT,7GCihgDB8fe6KNjn2MYtkzZcRjQy3t9GHdC8uHYmW2hr,-0.01499700000000003,-0.011110599999999962,-0.0038864000000000676,-0.015373700000000037,-0.012560699999999972,-0.0028130000000000654,-0.0172082,-0.014135499999999959,-0.003072700000000041,-0.025960100000000035,-0.01660139999999998,-0.009358700000000053,0.68,0.0,0.14904090814092974,0.0,1535.98,21736.96,1100886.81,3352664.34,1,1,9,10,0
0c5337dd-2488-4730-90b6-e371fd1e9511,lcr_continuation_observer_v1,lcr,20260305_2115,2026-03-05T21:15:00+00:00,FWOG,A8C3xuqscfmyLrte3VmTqrAq8kgMASius9AFNANwpump,CHILLGUY,Df6yfrKC8kZE3KNkrHERKzAetSxbrWeniQfyJY4Jpump,-0.014778500000000019,-0.01518569999999996,0.00040719999999994094,-0.014996200000000006,-0.015325000000000024,0.00032880000000001797,-0.013648800000000008,-0.023768400000000016,0.010119600000000008,-0.013648800000000008,-0.02027429999999996,0.006625499999999953,0.58,-0.21,0.13303784735603738,0.046548775251435956,925.54,2116.77,1497619.6,1098713.94,1,1,3,3,0
0c5337dd-2488-4730-90b6-e371fd1e9511,lcr_continuation_observer_v1,lcr,20260305_2130,2026-03-05T21:30:00+00:00,FWOG,A8C3xuqscfmyLrte3VmTqrAq8kgMASius9AFNANwpump,Pnut ,2qEHjDLDLbuBgRYvsxhc5D6uDWAivNFZGan56P1tpump,-0.012357199999999948,-0.01534239999999997,0.002985200000000021,-0.012357199999999948,-0.016105499999999988,0.0037483000000000394,-0.012357199999999948,-0.01737129999999997,0.005014100000000023,-0.012115700000000054,-0.01737969999999999,0.005263999999999937,0.47,0.0,0.1066111410163429,0.009661644020269033,757.79,2168.04,1504165.7,2881465.86,1,1,6,7,0
0c5337dd-2488-4730-90b6-e371fd1e9511,lcr_continuation_observer_v1,lcr,20260305_2145,2026-03-05T21:45:00+00:00,JUP,JUPyiwrYJFskUPiHa7hkeR8VUtAeFoSYbKedZNsDvCN,CHILLGUY,Df6yfrKC8kZE3KNkrHERKzAetSxbrWeniQfyJY4Jpump,-0.009817399999999967,-0.014410099999999973,0.004592700000000005,-0.010458500000000029,-0.01335859999999999,0.002900099999999961,-0.011005499999999993,-0.01526570000000004,0.004260200000000047,-0.014121599999999948,-0.031040799999999973,0.016919200000000023,0.16,0.0,0.03749430749201873,0.0,24143.3,4929.09,399726.16,1097583.44,1,1,9,9,0
0c5337dd-2488-4730-90b6-e371fd1e9511,lcr_continuation_observer_v1,lcr,20260305_2200,2026-03-05T22:00:00+00:00,POPCAT,7GCihgDB8fe6KNjn2MYtkzZcRjQy3t9GHdC8uHYmW2hr,Pnut ,2qEHjDLDLbuBgRYvsxhc5D6uDWAivNFZGan56P1tpump,-0.011111100000000032,-0.014994999999999972,0.00388389999999994,-0.010862999999999947,-0.014308300000000043,0.0034453000000000955,-0.01400199999999995,-0.01837010000000005,0.004368100000000099,-0.013967300000000007,-0.01837010000000005,0.004402800000000042,0.39,-0.25,0.08935385545729879,0.26450288685479306,6376.47,2711.03,3339331.63,2866378.98,1,1,4,4,0
0c5337dd-2488-4730-90b6-e371fd1e9511,lcr_continuation_observer_v1,lcr,20260305_2215,2026-03-05T22:15:00+00:00,Pnut ,2qEHjDLDLbuBgRYvsxhc5D6uDWAivNFZGan56P1tpump,POPCAT,7GCihgDB8fe6KNjn2MYtkzZcRjQy3t9GHdC8uHYmW2hr,-0.014993499999999984,-0.011593900000000037,-0.003399599999999947,-0.014994999999999972,-0.011807800000000026,-0.0031871999999999456,-0.014994999999999972,-0.01107769999999996,-0.0039173000000000124,-0.014994999999999972,-0.003969700000000067,-0.011025299999999905,0.11,-0.41,0.11191853901226712,0.06318778022177471,7179.32,8539.91,2861198.49,3328493.6,1,1,8,9,0
0c5337dd-2488-4730-90b6-e371fd1e9511,lcr_continuation_observer_v1,lcr,20260305_2245,2026-03-05T22:45:00+00:00,FWOG,A8C3xuqscfmyLrte3VmTqrAq8kgMASius9AFNANwpump,BOME,ukHH6c7mMyiWCf1b9pnWe25TSpkDDt3H5pQZgZ74J82,-0.01154730000000003,-0.014994199999999949,0.0034468999999999195,-0.015021900000000024,-0.014783399999999993,-0.00023850000000003035,-0.01464640000000005,-0.014181800000000013,-0.0004646000000000372,-0.015390800000000029,-0.014181800000000013,-0.0012090000000000156,0.8,0.0,0.1809194370076672,0.0,1153.98,12207.85,1498602.37,9401519.97,1,1,3,3,0
0c5337dd-2488-4730-90b6-e371fd1e9511,lcr_continuation_observer_v1,lcr,20260305_2300,2026-03-05T23:00:00+00:00,POPCAT,7GCihgDB8fe6KNjn2MYtkzZcRjQy3t9GHdC8uHYmW2hr,BOME,ukHH6c7mMyiWCf1b9pnWe25TSpkDDt3H5pQZgZ74J82,-0.01081589999999998,-0.014994199999999949,0.004178299999999968,-0.01076670000000001,-0.014994199999999949,0.00422749999999994,-0.009954800000000033,-0.014994199999999949,0.005039399999999916,-0.010684600000000035,-0.01499369999999999,0.004309099999999955,0.46,-0.18,0.1063547899147872,0.03895477314592554,16182.45,12617.86,3358253.1,9466586.66,1,1,6,7,0
0c5337dd-2488-4730-90b6-e371fd1e9511,lcr_continuation_observer_v1,lcr,20260305_2315,2026-03-05T23:15:00+00:00,POPCAT,7GCihgDB8fe6KNjn2MYtkzZcRjQy3t9GHdC8uHYmW2hr,CHILLGUY,Df6yfrKC8kZE3KNkrHERKzAetSxbrWeniQfyJY4Jpump,-0.010482500000000053,-0.014997099999999977,0.004514599999999924,-0.011020899999999991,-0.014996600000000018,0.0039757000000000264,-0.011020899999999991,-0.012379499999999979,0.0013585999999999876,-0.011360600000000045,-0.01037189999999998,-0.0009887000000000645,0.3,-1.01,0.06655523492080226,0.17167197781963972,13572.12,16371.86,3351525.51,1072553.67,1,1,0,0,0
0c5337dd-2488-4730-90b6-e371fd1e9511,lcr_continuation_observer_v1,lcr,20260305_2330,2026-03-05T23:30:00+00:00,FWOG,A8C3xuqscfmyLrte3VmTqrAq8kgMASius9AFNANwpump,Pnut ,2qEHjDLDLbuBgRYvsxhc5D6uDWAivNFZGan56P1tpump,-0.014851500000000009,-0.01499139999999998,0.0001398999999999706,-0.014851500000000009,-0.01499510000000003,0.0001436000000000215,-0.014952999999999985,-0.01499510000000003,4.210000000004488e-05,-0.014952999999999985,-0.01499510000000003,4.210000000004488e-05,0.14,0.0,0.029530589290067525,0.0,1078.72,410.89,1495150.62,2851977.86,1,1,4,4,0
0c5337dd-2488-4730-90b6-e371fd1e9511,lcr_continuation_observer_v1,lcr,20260306_0000,2026-03-06T00:00:00+00:00,JUP,JUPyiwrYJFskUPiHa7hkeR8VUtAeFoSYbKedZNsDvCN,CHILLGUY,Df6yfrKC8kZE3KNkrHERKzAetSxbrWeniQfyJY4Jpump,-0.00991910000000006,-0.014997099999999977,0.005077999999999916,-0.01218980000000002,-0.015193899999999974,0.003004099999999954,-0.012982400000000052,-0.015193899999999974,0.002211499999999922,-0.013311700000000029,-0.0194436,0.00613189999999997,0.08,-0.49,0.024589041354008467,0.1110974247972452,18612.05,5960.54,397040.8,1071637.78,1,1,1,1,0
0c5337dd-2488-4730-90b6-e371fd1e9511,lcr_continuation_observer_v1,lcr,20260306_0015,2026-03-06T00:15:00+00:00,JUP,JUPyiwrYJFskUPiHa7hkeR8VUtAeFoSYbKedZNsDvCN,CHILLGUY,Df6yfrKC8kZE3KNkrHERKzAetSxbrWeniQfyJY4Jpump,-0.009080200000000085,-0.014997099999999977,0.005916899999999892,-0.009767000000000072,-0.014997099999999977,0.005230099999999904,-0.01031519999999996,-0.019247600000000024,0.008932400000000064,-0.007058199999999895,-0.017397100000000047,0.010338900000000152,0.31,0.0,0.0656693670328346,0.0,25438.16,1851.24,397624.66,1073030.85,1,1,3,3,0
0c5337dd-2488-4730-90b6-e371fd1e9511,lcr_continuation_observer_v1,lcr,20260306_0030,2026-03-06T00:30:00+00:00,FWOG,A8C3xuqscfmyLrte3VmTqrAq8kgMASius9AFNANwpump,CHILLGUY,Df6yfrKC8kZE3KNkrHERKzAetSxbrWeniQfyJY4Jpump,-0.011761200000000019,-0.014997099999999977,0.0032358999999999583,-0.008952899999999922,-0.013138599999999992,0.00418570000000007,-0.006433399999999914,-0.013138599999999992,0.006705200000000078,-0.0047063000000000434,-0.013472900000000001,0.008766599999999958,0.37,-0.19,0.19037825821859383,0.04450355107913457,4949.44,4284.86,1494955.23,1073483.28,1,1,5,5,0
0c5337dd-2488-4730-90b6-e371fd1e9511,lcr_continuation_observer_v1,lcr,20260306_0045,2026-03-06T00:45:00+00:00,FWOG,A8C3xuqscfmyLrte3VmTqrAq8kgMASius9AFNANwpump,CHILLGUY,Df6yfrKC8kZE3KNkrHERKzAetSxbrWeniQfyJY4Jpump,-0.01272209999999995,-0.015330900000000027,0.0026088000000000777,-0.010983399999999968,-0.015330900000000027,0.00434750000000006,-0.011005900000000004,-0.015330799999999969,0.004324899999999965,-0.0072528000000000505,-0.013710800000000014,0.006457999999999964,0.45,0.0,0.21228587106686647,0.0,6308.45,4246.05,1495780.51,1074499.83,1,1,7,7,0
0c5337dd-2488-4730-90b6-e371fd1e9511,lcr_continuation_observer_v1,lcr,20260306_0100,2026-03-06T01:00:00+00:00,JUP,JUPyiwrYJFskUPiHa7hkeR8VUtAeFoSYbKedZNsDvCN,POPCAT,7GCihgDB8fe6KNjn2MYtkzZcRjQy3t9GHdC8uHYmW2hr,-0.009187499999999895,-0.011163600000000043,0.001976100000000147,-0.009568199999999907,-0.010621800000000006,0.001053600000000099,-0.00797760000000002,-0.006521699999999955,-0.0014559000000000655,-0.0048930000000000275,-0.0010166000000000255,-0.003876400000000002,0.03,-0.06,0.028112330748826308,0.03879005296667345,41694.84,8307.76,397011.54,3352484.23,1,1,0,0,0
0c5337dd-2488-4730-90b6-e371fd1e9511,lcr_continuation_observer_v1,lcr,20260306_0115,2026-03-06T01:15:00+00:00,JUP,JUPyiwrYJFskUPiHa7hkeR8VUtAeFoSYbKedZNsDvCN,FWOG,A8C3xuqscfmyLrte3VmTqrAq8kgMASius9AFNANwpump,-0.008997799999999936,-0.010520599999999982,0.0015228000000000463,-0.0084035,-0.011736799999999983,0.0033332999999999835,-0.006696199999999921,-0.010685099999999994,0.003988900000000073,-0.005332000000000106,-0.01122230000000001,0.005890299999999904,0.18,0.0,0.051352876262588415,0.0,33884.19,7848.6,397649.28,1498885.74,1,1,2,2,0
0c5337dd-2488-4730-90b6-e371fd1e9511,lcr_continuation_observer_v1,lcr,20260306_0130,2026-03-06T01:30:00+00:00,Pnut ,2qEHjDLDLbuBgRYvsxhc5D6uDWAivNFZGan56P1tpump,FWOG,A8C3xuqscfmyLrte3VmTqrAq8kgMASius9AFNANwpump,-0.014438900000000024,-0.01046349999999995,-0.003975400000000073,-0.012987399999999974,-0.011363299999999956,-0.0016241000000000172,-0.01271330000000003,-0.012201600000000026,-0.0005117000000000038,-0.01132410000000005,-0.014806300000000041,0.003482199999999991,0.09,-0.05,0.17603892698724277,0.09970231221047966,3006.08,4043.83,2836914.35,1491245.98,1,1,4,5,0
0c5337dd-2488-4730-90b6-e371fd1e9511,lcr_continuation_observer_v1,lcr,20260306_0145,2026-03-06T01:45:00+00:00,Pnut ,2qEHjDLDLbuBgRYvsxhc5D6uDWAivNFZGan56P1tpump,CHILLGUY,Df6yfrKC8kZE3KNkrHERKzAetSxbrWeniQfyJY4Jpump,-0.01499510000000003,-0.014997099999999977,1.999999999946489e-06,-0.01499510000000003,-0.014605399999999982,-0.00038970000000004834,-0.013608999999999974,-0.01470499999999996,0.0010959999999999859,-0.011846099999999962,-0.018236800000000046,0.006390700000000084,0.53,-0.24,0.1258401695433077,0.06595569484030554,3634.54,3256.57,2877122.14,1081178.26,1,1,7,7,0
0c5337dd-2488-4730-90b6-e371fd1e9511,lcr_continuation_observer_v1,lcr,20260306_0215,2026-03-06T02:15:00+00:00,Pnut ,2qEHjDLDLbuBgRYvsxhc5D6uDWAivNFZGan56P1tpump,CHILLGUY,Df6yfrKC8kZE3KNkrHERKzAetSxbrWeniQfyJY4Jpump,-0.01499510000000003,-0.014997099999999977,1.999999999946489e-06,-0.011684200000000025,-0.012004000000000006,0.0003197999999999812,-0.008809599999999964,-0.01104420000000005,0.0022346000000000865,-0.008677400000000049,-0.010523900000000022,0.0018464999999999732,0.87,-0.23,0.14433863050838006,0.20342818923490807,5890.02,4570.5,2880191.14,1078725.01,1,1,0,0,0
0c5337dd-2488-4730-90b6-e371fd1e9511,lcr_continuation_observer_v1,lcr,20260306_0230,2026-03-06T02:30:00+00:00,Pnut ,2qEHjDLDLbuBgRYvsxhc5D6uDWAivNFZGan56P1tpump,CHILLGUY,Df6yfrKC8kZE3KNkrHERKzAetSxbrWeniQfyJY4Jpump,-0.014994999999999972,-0.014997099999999977,2.1000000000048757e-06,-0.014994999999999972,-0.01529729999999995,0.0003022999999999776,-0.014863599999999968,-0.014478800000000005,-0.00038479999999996295,-0.013021399999999952,-0.021380300000000012,0.00835890000000006,0.77,-0.01,0.18345288352835612,0.08866319591133764,8671.4,4599.09,2865223.62,1072873.32,1,1,2,2,0
0c5337dd-2488-4730-90b6-e371fd1e9511,lcr_continuation_observer_v1,lcr,20260306_0245,2026-03-06T02:45:00+00:00,JUP,JUPyiwrYJFskUPiHa7hkeR8VUtAeFoSYbKedZNsDvCN,POPCAT,7GCihgDB8fe6KNjn2MYtkzZcRjQy3t9GHdC8uHYmW2hr,-0.009312699999999943,-0.009683300000000053,0.00037060000000010973,-0.009816100000000097,-0.008250400000000093,-0.0015657000000000032,-0.007973100000000058,-0.003065599999999993,-0.004907500000000065,-0.007146899999999947,-0.005601100000000017,-0.0015457999999999306,0.09,0.0,0.05849177710413446,0.0,56013.76,16850.07,397909.25,3386882.97,1,1,4,4,0
0c5337dd-2488-4730-90b6-e371fd1e9511,lcr_continuation_observer_v1,lcr,20260306_0300,2026-03-06T03:00:00+00:00,POPCAT,7GCihgDB8fe6KNjn2MYtkzZcRjQy3t9GHdC8uHYmW2hr,$WIF,EKpQGSJtjMFqKZ9KQanSqYXRcF8fBopzLHYxdM65zcjm,-0.009945800000000107,-0.01119579999999997,0.0012499999999998623,-0.010796600000000036,-0.01067269999999997,-0.00012390000000006562,-0.012397699999999947,-0.01258959999999997,0.0001919000000000226,-0.012831200000000034,-0.011779500000000045,-0.0010516999999999888,0.1,-0.05,0.015036302338071161,0.12785635900998982,14613.98,10507.01,3396513.83,5277472.09,1,1,8,8,0
0c5337dd-2488-4730-90b6-e371fd1e9511,lcr_continuation_observer_v1,lcr,20260306_0315,2026-03-06T03:15:00+00:00,FWOG,A8C3xuqscfmyLrte3VmTqrAq8kgMASius9AFNANwpump,Pnut ,2qEHjDLDLbuBgRYvsxhc5D6uDWAivNFZGan56P1tpump,-0.014819699999999983,-0.014994999999999972,0.00017529999999998935,-0.014819699999999983,-0.014994999999999972,0.00017529999999998935,-0.014819699999999983,-0.014994999999999972,0.00017529999999998935,-0.014819699999999983,-0.014994999999999972,0.00017529999999998935,0.01,0.0,0.08445896999850137,0.0,751.6,5961.31,1494687.62,2862171.59,1,1,1,1,0
0c5337dd-2488-4730-90b6-e371fd1e9511,lcr_continuation_observer_v1,lcr,20260306_0330,2026-03-06T03:30:00+00:00,POPCAT,7GCihgDB8fe6KNjn2MYtkzZcRjQy3t9GHdC8uHYmW2hr,CHILLGUY,Df6yfrKC8kZE3KNkrHERKzAetSxbrWeniQfyJY4Jpump,-0.011583200000000007,-0.013141100000000008,0.001557900000000001,-0.013075799999999962,-0.017479899999999986,0.004404100000000024,-0.009598399999999998,-0.006467599999999898,-0.0031308000000001,-0.0043503000000000205,-0.006258700000000053,0.0019084000000000323,1.46,0.0,0.23505530173239506,0.0,21572.91,8880.43,3405804.9,1069836.95,1,1,3,4,0
0c5337dd-2488-4730-90b6-e371fd1e9511,lcr_continuation_observer_v1,lcr,20260306_0345,2026-03-06T03:45:00+00:00,$WIF,EKpQGSJtjMFqKZ9KQanSqYXRcF8fBopzLHYxdM65zcjm,BOME,ukHH6c7mMyiWCf1b9pnWe25TSpkDDt3H5pQZgZ74J82,-0.01035609999999997,-0.014523300000000008,0.0041672000000000375,-0.011247099999999946,-0.014523300000000008,0.0032762000000000624,-0.008706499999999942,-0.01270859999999995,0.004002100000000008,-0.008538399999999937,-0.012709199999999967,0.00417080000000003,0.69,-0.12,0.24283450094154646,0.030527887145582192,4258.42,5162.36,5287497.53,9403982.2,1,1,6,6,0
0c5337dd-2488-4730-90b6-e371fd1e9511,lcr_continuation_observer_v1,lcr,20260306_0400,2026-03-06T04:00:00+00:00,POPCAT,7GCihgDB8fe6KNjn2MYtkzZcRjQy3t9GHdC8uHYmW2hr,Pnut ,2qEHjDLDLbuBgRYvsxhc5D6uDWAivNFZGan56P1tpump,-0.011274600000000015,-0.014580299999999982,0.003305699999999967,-0.010747300000000007,-0.01456690000000004,0.003819600000000034,-0.012829700000000046,-0.014580499999999988,0.0017507999999999413,-0.01835430000000004,-0.014607600000000045,-0.0037466999999999934,0.78,-0.49,0.0975351385112848,0.15129917671571178,24955.73,1033.71,3402035.95,2858582.96,1,1,9,10,0
0c5337dd-2488-4730-90b6-e371fd1e9511,lcr_continuation_observer_v1,lcr,20260306_0415,2026-03-06T04:15:00+00:00,CHILLGUY,Df6yfrKC8kZE3KNkrHERKzAetSxbrWeniQfyJY4Jpump,BOME,ukHH6c7mMyiWCf1b9pnWe25TSpkDDt3H5pQZgZ74J82,-0.014997099999999977,-0.014984699999999953,-1.2400000000023503e-05,-0.015300199999999977,-0.014984699999999953,-0.0003155000000000241,-0.017576299999999982,-0.017850499999999984,0.0002742000000000022,-0.02058579999999998,-0.019524300000000043,-0.0010614999999999375,0.39,-0.64,0.08849219607336557,0.15025462598899642,5395.3,9781.52,1074256.62,9389868.84,1,1,3,4,0
0c5337dd-2488-4730-90b6-e371fd1e9511,lcr_continuation_observer_v1,lcr,20260306_0430,2026-03-06T04:30:00+00:00,Pnut ,2qEHjDLDLbuBgRYvsxhc5D6uDWAivNFZGan56P1tpump,FWOG,A8C3xuqscfmyLrte3VmTqrAq8kgMASius9AFNANwpump,-0.014994999999999972,-0.01439909999999999,-0.0005958999999999826,-0.014994999999999972,-0.01439909999999999,-0.0005958999999999826,-0.015940599999999965,-0.013685799999999962,-0.002254800000000003,-0.015941100000000034,-0.014063999999999957,-0.0018771000000000777,0.23,-0.43,0.053111105959529045,0.2745304333116107,2136.52,5624.03,2866333.67,1485696.28,1,1,6,6,0
0c5337dd-2488-4730-90b6-e371fd1e9511,lcr_continuation_observer_v1,lcr,20260306_0500,2026-03-06T05:00:00+00:00,$WIF,EKpQGSJtjMFqKZ9KQanSqYXRcF8fBopzLHYxdM65zcjm,POPCAT,7GCihgDB8fe6KNjn2MYtkzZcRjQy3t9GHdC8uHYmW2hr,-0.010441600000000042,-0.011087999999999978,0.0006463999999999359,-0.009133100000000107,-0.00988049999999995,0.0007473999999998426,-0.006142499999999931,-0.005538000000000034,-0.0006044999999998968,-0.009540799999999896,-0.0071951999999999485,-0.0023455999999999477,0.02,0.0,0.2159982369758579,0.0,18461.61,11686.9,5267749.56,3361915.64,1,1,3,8,0
0c5337dd-2488-4730-90b6-e371fd1e9511,lcr_continuation_observer_v1,lcr,20260306_0515,2026-03-06T05:15:00+00:00,$WIF,EKpQGSJtjMFqKZ9KQanSqYXRcF8fBopzLHYxdM65zcjm,CHILLGUY,Df6yfrKC8kZE3KNkrHERKzAetSxbrWeniQfyJY4Jpump,-0.009088600000000105,-0.01499879999999997,0.0059101999999998656,-0.008639800000000078,-0.01499879999999997,0.0063589999999998925,-0.012925700000000031,-0.014993499999999984,0.002067799999999953,-0.016020099999999975,-0.014116699999999973,-0.0019034000000000013,0.59,0.0,0.17480820316908416,0.0,14197.44,3337.01,5264671.38,1066168.8,1,1,5,6,0
0c5337dd-2488-4730-90b6-e371fd1e9511,lcr_continuation_observer_v1,lcr,20260306_0530,2026-03-06T05:30:00+00:00,FWOG,A8C3xuqscfmyLrte3VmTqrAq8kgMASius9AFNANwpump,Pnut ,2qEHjDLDLbuBgRYvsxhc5D6uDWAivNFZGan56P1tpump,-0.014996200000000006,-0.014994999999999972,-1.2000000000345068e-06,-0.014255499999999968,-0.014994999999999972,0.000739500000000004,-0.014339500000000052,-0.01703149999999997,0.0026919999999999184,-0.015454300000000023,-0.01703149999999997,0.001577199999999947,0.34,0.0,0.07819094498012734,0.0,1047.17,698.18,1479114.35,2859482.74,1,1,8,8,0
0c5337dd-2488-4730-90b6-e371fd1e9511,lcr_continuation_observer_v1,lcr,20260306_0600,2026-03-06T06:00:00+00:00,BOME,ukHH6c7mMyiWCf1b9pnWe25TSpkDDt3H5pQZgZ74J82,Pnut ,2qEHjDLDLbuBgRYvsxhc5D6uDWAivNFZGan56P1tpump,-0.014994199999999949,-0.014994999999999972,8.000000000230045e-07,-0.014994199999999949,-0.014994999999999972,8.000000000230045e-07,-0.014997200000000035,-0.014826899999999968,-0.00017030000000006762,-0.015016200000000026,-0.014644599999999999,-0.00037160000000002746,0.9,0.0,0.20277486343158466,0.0,2400.47,1473.62,9290859.93,2830377.79,1,1,2,2,0
0c5337dd-2488-4730-90b6-e371fd1e9511,lcr_continuation_observer_v1,lcr,20260306_0615,2026-03-06T06:15:00+00:00,Pnut ,2qEHjDLDLbuBgRYvsxhc5D6uDWAivNFZGan56P1tpump,CHILLGUY,Df6yfrKC8kZE3KNkrHERKzAetSxbrWeniQfyJY4Jpump,-0.01481279999999995,-0.014997099999999977,0.0001843000000000261,-0.01481279999999995,-0.014435900000000048,-0.0003768999999999023,-0.01481279999999995,-0.014435900000000048,-0.0003768999999999023,-0.015134399999999984,-0.015234199999999967,9.979999999998324e-05,0.72,0.0,0.1657142312884295,0.0,1545.82,1437.01,2843684.92,1064599.35,1,1,5,5,0
0c5337dd-2488-4730-90b6-e371fd1e9511,lcr_continuation_observer_v1,lcr,20260306_0630,2026-03-06T06:30:00+00:00,Pnut ,2qEHjDLDLbuBgRYvsxhc5D6uDWAivNFZGan56P1tpump,CHILLGUY,Df6yfrKC8kZE3KNkrHERKzAetSxbrWeniQfyJY4Jpump,-0.014994999999999972,-0.014997099999999977,2.1000000000048757e-06,-0.017040599999999954,-0.014997099999999977,-0.0020434999999999776,-0.015316600000000005,-0.01579490000000005,0.0004783000000000443,-0.01295129999999999,-0.016828100000000006,0.0038768000000000153,0.12,0.0,0.029101365492572005,0.0,1718.95,1585.03,2844938.93,1063381.41,1,1,8,8,0
0c5337dd-2488-4730-90b6-e371fd1e9511,lcr_continuation_observer_v1,lcr,20260306_0645,2026-03-06T06:45:00+00:00,CHILLGUY,Df6yfrKC8kZE3KNkrHERKzAetSxbrWeniQfyJY4Jpump,$WIF,EKpQGSJtjMFqKZ9KQanSqYXRcF8fBopzLHYxdM65zcjm,-0.014997099999999977,-0.01015849999999995,-0.004838600000000026,-0.015731700000000008,-0.009901499999999999,-0.005830200000000009,-0.016031099999999958,-0.00971180000000004,-0.006319299999999918,-0.014164700000000021,-0.009736200000000075,-0.004428499999999946,0.52,-0.13,0.11174680344022664,0.05187622697516891,1357.76,1806.98,1067077.75,5252517.19,1,1,0,1,0
0c5337dd-2488-4730-90b6-e371fd1e9511,lcr_continuation_observer_v1,lcr,20260306_0700,2026-03-06T07:00:00+00:00,JUP,JUPyiwrYJFskUPiHa7hkeR8VUtAeFoSYbKedZNsDvCN,FWOG,A8C3xuqscfmyLrte3VmTqrAq8kgMASius9AFNANwpump,-0.01055930000000004,-0.014580999999999946,0.004021699999999906,-0.011999100000000032,-0.014580999999999946,0.002581899999999915,-0.013993899999999995,-0.014557299999999987,0.0005633999999999917,-0.014840900000000037,-0.014928799999999956,8.78999999999186e-05,0.13,0.0,0.043704872433109804,0.0,25224.51,5376.99,394466.69,1477768.88,1,1,5,5,0
0c5337dd-2488-4730-90b6-e371fd1e9511,lcr_continuation_observer_v1,lcr,20260306_0715,2026-03-06T07:15:00+00:00,CHILLGUY,Df6yfrKC8kZE3KNkrHERKzAetSxbrWeniQfyJY4Jpump,$WIF,EKpQGSJtjMFqKZ9KQanSqYXRcF8fBopzLHYxdM65zcjm,-0.014997099999999977,-0.01088710000000003,-0.004109999999999947,-0.015493999999999999,-0.011902100000000018,-0.0035918999999999812,-0.018678900000000047,-0.013080799999999995,-0.005598100000000052,-0.018399099999999995,-0.012549600000000041,-0.005849499999999954,0.41,0.0,0.08935385545729879,0.01463117400273215,1441.1,753.44,1066932.51,5258297.34,1,1,7,7,0
0c5337dd-2488-4730-90b6-e371fd1e9511,lcr_continuation_observer_v1,lcr,20260306_0730,2026-03-06T07:30:00+00:00,$WIF,EKpQGSJtjMFqKZ9KQanSqYXRcF8fBopzLHYxdM65zcjm,CHILLGUY,Df6yfrKC8kZE3KNkrHERKzAetSxbrWeniQfyJY4Jpump,-0.009993700000000097,-0.014997099999999977,0.00500339999999988,-0.009205099999999957,-0.014716199999999948,0.005511099999999991,-0.009460000000000015,-0.014716199999999948,0.005256199999999933,-0.010320399999999999,-0.014160199999999947,0.003839799999999949,0.48,-0.16,0.08853724689183978,0.03070125696720655,2894.13,2281.26,5269949.75,1068182.39,1,1,0,0,0
0c5337dd-2488-4730-90b6-e371fd1e9511,lcr_continuation_observer_v1,lcr,20260306_0745,2026-03-06T07:45:00+00:00,$WIF,EKpQGSJtjMFqKZ9KQanSqYXRcF8fBopzLHYxdM65zcjm,Pnut ,2qEHjDLDLbuBgRYvsxhc5D6uDWAivNFZGan56P1tpump,-0.01028499999999998,-0.014994999999999972,0.004709999999999992,-0.011145399999999963,-0.014994999999999972,0.0038496000000000086,-0.011375400000000027,-0.014994999999999972,0.003619599999999945,-0.012822699999999956,-0.01589759999999995,0.0030748999999999933,0.66,0.0,0.14835249267085454,0.0,2656.78,2961.09,5292645.36,2878669.57,1,1,4,4,0
0c5337dd-2488-4730-90b6-e371fd1e9511,lcr_continuation_observer_v1,lcr,20260306_0800,2026-03-06T08:00:00+00:00,CHILLGUY,Df6yfrKC8kZE3KNkrHERKzAetSxbrWeniQfyJY4Jpump,FWOG,A8C3xuqscfmyLrte3VmTqrAq8kgMASius9AFNANwpump,-0.013330000000000055,-0.013603699999999988,0.00027369999999993233,-0.013330000000000055,-0.013603699999999988,0.00027369999999993233,-0.00904829999999989,-0.013083399999999959,0.004035100000000069,-0.014368200000000044,-0.012322799999999958,-0.002045400000000086,0.16,-0.54,0.04437443044411562,0.12550793844344998,1864.27,975.97,1074115.14,1481625.99,1,1,6,7,0
0c5337dd-2488-4730-90b6-e371fd1e9511,lcr_continuation_observer_v1,lcr,20260306_0815,2026-03-06T08:15:00+00:00,POPCAT,7GCihgDB8fe6KNjn2MYtkzZcRjQy3t9GHdC8uHYmW2hr,$WIF,EKpQGSJtjMFqKZ9KQanSqYXRcF8fBopzLHYxdM65zcjm,-0.00975079999999994,-0.00975079999999994,0.0,-0.008378699999999953,-0.011256499999999994,0.0028778000000000414,-0.00866060000000001,-0.01616870000000003,0.007508100000000019,-0.016943900000000005,-0.04886089999999998,0.03191699999999997,0.14,0.0,0.15426700725760678,0.0,4118.66,3819.75,3382933.19,5265970.13,1,1,9,9,0
0c5337dd-2488-4730-90b6-e371fd1e9511,lcr_continuation_observer_v1,lcr,20260306_0830,2026-03-06T08:30:00+00:00,FWOG,A8C3xuqscfmyLrte3VmTqrAq8kgMASius9AFNANwpump,Pnut ,2qEHjDLDLbuBgRYvsxhc5D6uDWAivNFZGan56P1tpump,-0.014996200000000006,-0.014994999999999972,-1.2000000000345068e-06,-0.014959099999999994,-0.018597999999999996,0.003638900000000002,-0.013921199999999958,-0.02067649999999998,0.006755300000000021,-0.0153531,-0.022015600000000017,0.006662500000000017,0.48,0.0,0.10840030403841579,0.0,835.59,1905.39,1481002.97,2864481.95,1,1,1,1,0
0c5337dd-2488-4730-90b6-e371fd1e9511,lcr_continuation_observer_v1,lcr,20260306_0845,2026-03-06T08:45:00+00:00,FWOG,A8C3xuqscfmyLrte3VmTqrAq8kgMASius9AFNANwpump,Pnut ,2qEHjDLDLbuBgRYvsxhc5D6uDWAivNFZGan56P1tpump,-0.014302899999999999,-0.01499510000000003,0.0006922000000000317,-0.014302899999999999,-0.01499510000000003,0.0006922000000000317,-0.015734099999999966,-0.016341900000000013,0.0006078000000000472,-0.015734099999999966,-0.020763199999999975,0.0050291000000000086,0.19,-0.2,0.04095048669573918,0.04363821678921864,1185.36,4746.44,1484443.04,2855511.86,1,1,4,4,0
0c5337dd-2488-4730-90b6-e371fd1e9511,lcr_continuation_observer_v1,lcr,20260306_0945,2026-03-06T09:45:00+00:00,$WIF,EKpQGSJtjMFqKZ9KQanSqYXRcF8fBopzLHYxdM65zcjm,POPCAT,7GCihgDB8fe6KNjn2MYtkzZcRjQy3t9GHdC8uHYmW2hr,-0.011518400000000031,-0.009606800000000018,-0.0019116000000000133,-0.005411599999999952,-0.006869999999999923,0.0014583999999999708,-0.004835499999999984,-0.0055241999999999705,0.0006886999999999865,-0.010000600000000017,-0.002552499999999949,-0.0074481000000000686,0.31,0.0,0.07153857728309736,0.10674655964852046,28684.47,11418.45,5035934.97,3309424.14,1,1,0,0,0
0c5337dd-2488-4730-90b6-e371fd1e9511,lcr_continuation_observer_v1,lcr,20260306_1000,2026-03-06T10:00:00+00:00,CHILLGUY,Df6yfrKC8kZE3KNkrHERKzAetSxbrWeniQfyJY4Jpump,FWOG,A8C3xuqscfmyLrte3VmTqrAq8kgMASius9AFNANwpump,-0.014583600000000021,-0.011972599999999991,-0.00261100000000003,-0.01003580000000003,-0.011972599999999991,0.0019367999999999608,-0.007632199999999969,-0.011972599999999991,0.004340400000000022,-0.007790500000000025,-0.01443389999999999,0.006643399999999966,0.73,0.0,0.12088930079163919,0.0,11986.12,583.71,1064850.26,1459366.22,1,1,3,4,0
0c5337dd-2488-4730-90b6-e371fd1e9511,lcr_continuation_observer_v1,lcr,20260306_1015,2026-03-06T10:15:00+00:00,$WIF,EKpQGSJtjMFqKZ9KQanSqYXRcF8fBopzLHYxdM65zcjm,BOME,ukHH6c7mMyiWCf1b9pnWe25TSpkDDt3H5pQZgZ74J82,-0.012039299999999966,-0.014994199999999949,0.0029548999999999825,-0.016313600000000032,-0.015738400000000034,-0.0005751999999999979,-0.01612489999999999,-0.016503099999999986,0.0003781999999999952,-0.01755309999999998,-0.01754339999999998,-9.700000000001374e-06,0.1,0.0,0.051225513384718646,0.005654115465972736,21077.78,19612.81,5055771.09,9292180.47,1,1,7,7,0
0c5337dd-2488-4730-90b6-e371fd1e9511,lcr_continuation_observer_v1,lcr,20260306_1030,2026-03-06T10:30:00+00:00,$WIF,EKpQGSJtjMFqKZ9KQanSqYXRcF8fBopzLHYxdM65zcjm,Pnut ,2qEHjDLDLbuBgRYvsxhc5D6uDWAivNFZGan56P1tpump,-0.010811899999999977,-0.01578789999999996,0.004975999999999982,-0.011462999999999992,-0.0164341,0.004971100000000008,-0.012247699999999964,-0.0164341,0.004186400000000036,-0.011851399999999948,-0.0164341,0.004582700000000052,0.13,-0.29,0.054076926830916666,0.06824952492472017,7430.26,7872.0,5041176.84,2836562.77,1,1,1,1,0
0c5337dd-2488-4730-90b6-e371fd1e9511,lcr_continuation_observer_v1,lcr,20260306_1045,2026-03-06T10:45:00+00:00,$WIF,EKpQGSJtjMFqKZ9KQanSqYXRcF8fBopzLHYxdM65zcjm,POPCAT,7GCihgDB8fe6KNjn2MYtkzZcRjQy3t9GHdC8uHYmW2hr,-0.010820299999999996,-0.010519500000000006,-0.00030079999999998996,-0.010288399999999967,-0.01036029999999998,7.190000000001362e-05,-0.010402600000000031,-0.011191900000000024,0.0007892999999999928,-0.010291299999999995,-0.011628500000000033,0.0013372000000000384,0.04,0.0,0.08950579341571029,0.0,6486.95,14306.86,5030064.01,3335163.26,1,1,4,4,0
0c5337dd-2488-4730-90b6-e371fd1e9511,lcr_continuation_observer_v1,lcr,20260306_1100,2026-03-06T11:00:00+00:00,POPCAT,7GCihgDB8fe6KNjn2MYtkzZcRjQy3t9GHdC8uHYmW2hr,Pnut ,2qEHjDLDLbuBgRYvsxhc5D6uDWAivNFZGan56P1tpump,-0.010711600000000035,-0.014994999999999972,0.004283399999999937,-0.011269900000000046,-0.014994999999999972,0.0037250999999999257,-0.010688499999999981,-0.01764810000000005,0.0069596000000000675,-0.010324899999999962,-0.01764810000000005,0.007323200000000087,0.16,0.0,0.04025904355008544,0.0,10246.38,6546.29,3333416.25,2829968.39,1,1,8,8,0
0c5337dd-2488-4730-90b6-e371fd1e9511,lcr_continuation_observer_v1,lcr,20260306_1115,2026-03-06T11:15:00+00:00,BOME,ukHH6c7mMyiWCf1b9pnWe25TSpkDDt3H5pQZgZ74J82,CHILLGUY,Df6yfrKC8kZE3KNkrHERKzAetSxbrWeniQfyJY4Jpump,-0.014994199999999949,-0.01499700000000003,2.800000000080516e-06,-0.014994199999999949,-0.01499700000000003,2.800000000080516e-06,-0.014994199999999949,-0.01499700000000003,2.800000000080516e-06,-0.014989699999999986,-0.017131200000000006,0.00214150000000002,0.84,-0.17,0.19326514076659315,0.030463952355129123,11418.76,3900.13,9305520.32,1068331.55,1,1,0,1,0
0c5337dd-2488-4730-90b6-e371fd1e9511,lcr_continuation_observer_v1,lcr,20260306_1145,2026-03-06T11:45:00+00:00,FWOG,A8C3xuqscfmyLrte3VmTqrAq8kgMASius9AFNANwpump,CHILLGUY,Df6yfrKC8kZE3KNkrHERKzAetSxbrWeniQfyJY4Jpump,-0.014996200000000006,-0.016869400000000027,0.001873200000000021,-0.014996200000000006,-0.016869400000000027,0.001873200000000021,-0.014997699999999994,-0.01627750000000005,0.0012798000000000549,-0.014978200000000044,-0.015976300000000047,0.0009981000000000035,0.2,-0.47,0.03442588059923142,0.11131304412822808,1292.59,3828.68,1464051.27,1067481.39,1,1,5,5,0
0c5337dd-2488-4730-90b6-e371fd1e9511,lcr_continuation_observer_v1,lcr,20260306_1215,2026-03-06T12:15:00+00:00,$WIF,EKpQGSJtjMFqKZ9KQanSqYXRcF8fBopzLHYxdM65zcjm,BOME,ukHH6c7mMyiWCf1b9pnWe25TSpkDDt3H5pQZgZ74J82,-0.011164000000000054,-0.014994199999999949,0.003830199999999895,-0.012875599999999978,-0.015002599999999968,0.00212699999999999,-0.011642299999999986,-0.01500350000000005,0.003361200000000064,-0.008693499999999901,-0.01258259999999999,0.0038891000000000897,0.18,-0.07,0.039820706618570484,0.05888964467503888,22439.34,6287.7,4988979.91,9166335.88,1,1,1,1,0
0c5337dd-2488-4730-90b6-e371fd1e9511,lcr_continuation_observer_v1,lcr,20260306_1230,2026-03-06T12:30:00+00:00,FWOG,A8C3xuqscfmyLrte3VmTqrAq8kgMASius9AFNANwpump,Pnut ,2qEHjDLDLbuBgRYvsxhc5D6uDWAivNFZGan56P1tpump,-0.014488900000000018,-0.014942899999999973,0.00045399999999995444,-0.014407700000000015,-0.014833100000000035,0.0004254000000000202,-0.013994500000000012,-0.014833100000000035,0.0008386000000000227,-0.013649899999999984,-0.01327770000000005,-0.0003721999999999337,0.73,-0.1,0.1640462058697823,0.03217045921415885,600.76,4971.33,1455362.74,2810595.62,1,1,3,4,0
0c5337dd-2488-4730-90b6-e371fd1e9511,lcr_continuation_observer_v1,lcr,20260306_1245,2026-03-06T12:45:00+00:00,Fartcoin ,9BB6NFEcjBCtnNLFko2FqVQBq8HHM13kCyYcdQbgpump,CHILLGUY,Df6yfrKC8kZE3KNkrHERKzAetSxbrWeniQfyJY4Jpump,-0.009508499999999911,-0.014997099999999977,0.005488600000000066,-0.011624999999999988,-0.014689100000000002,0.003064100000000014,-0.00909950000000003,-0.01511969999999995,0.00602019999999992,-0.0075304000000000395,-0.01109669999999995,0.003566299999999911,0.02,-0.03,0.2631253330012154,0.1705330222257327,17495.98,9231.12,419565.37,1045851.59,1,1,6,6,0
0c5337dd-2488-4730-90b6-e371fd1e9511,lcr_continuation_observer_v1,lcr,20260306_1300,2026-03-06T13:00:00+00:00,$WIF,EKpQGSJtjMFqKZ9KQanSqYXRcF8fBopzLHYxdM65zcjm,BOME,ukHH6c7mMyiWCf1b9pnWe25TSpkDDt3H5pQZgZ74J82,-0.011077899999999965,-0.014994199999999949,0.003916299999999984,-0.011065500000000053,-0.014994199999999949,0.003928699999999896,-0.01121669999999996,-0.014994199999999949,0.003777499999999989,3242.2637963999996,-0.011389900000000055,3242.2751862999994,0.84,0.0,0.178329877983422,0.0,21368.85,15166.34,5010737.01,9169913.78,1,1,0,0,0
0c5337dd-2488-4730-90b6-e371fd1e9511,lcr_continuation_observer_v1,lcr,20260306_1315,2026-03-06T13:15:00+00:00,CHILLGUY,Df6yfrKC8kZE3KNkrHERKzAetSxbrWeniQfyJY4Jpump,Fartcoin ,9BB6NFEcjBCtnNLFko2FqVQBq8HHM13kCyYcdQbgpump,-0.014997099999999977,-0.009983599999999973,-0.005013500000000004,-0.014997099999999977,-0.009342799999999976,-0.005654300000000001,-0.01684269999999998,8111.7945832,-8111.811425899999,-0.015080799999999997,-0.009368999999999952,-0.005711800000000045,0.3,0.0,0.18711735361617948,0.013824389322846688,9797.09,18340.7,1048402.05,420439.1,1,1,4,4,0
0c5337dd-2488-4730-90b6-e371fd1e9511,lcr_continuation_observer_v1,lcr,20260306_1330,2026-03-06T13:30:00+00:00,FWOG,A8C3xuqscfmyLrte3VmTqrAq8kgMASius9AFNANwpump,$WIF,EKpQGSJtjMFqKZ9KQanSqYXRcF8fBopzLHYxdM65zcjm,-0.014996200000000006,-0.007260500000000105,-0.007735699999999901,-0.014996200000000006,-0.005587599999999906,-0.0094086000000001,-0.015264999999999964,-0.0023964000000000676,-0.012868599999999897,-0.012753499999999965,-0.014301099999999947,0.0015475999999999823,2.6,-0.23,0.2235050691929983,0.057801928755820624,1652.06,12744.15,1452533.42,4996915.54,1,1,7,7,0
0c5337dd-2488-4730-90b6-e371fd1e9511,lcr_continuation_observer_v1,lcr,20260306_1345,2026-03-06T13:45:00+00:00,$WIF,EKpQGSJtjMFqKZ9KQanSqYXRcF8fBopzLHYxdM65zcjm,POPCAT,7GCihgDB8fe6KNjn2MYtkzZcRjQy3t9GHdC8uHYmW2hr,-0.011646600000000054,-0.00989719999999993,-0.001749400000000123,-0.01432509999999997,-0.011219700000000046,-0.003105399999999925,-0.02203080000000001,-0.021707099999999972,-0.00032370000000003785,-0.02803710000000003,-0.027632500000000053,-0.0004045999999999772,0.01,-0.87,0.040712877092969224,0.14548266720551714,27931.51,51900.8,5029855.55,3330419.69,1,1,9,9,0
0c5337dd-2488-4730-90b6-e371fd1e9511,lcr_continuation_observer_v1,lcr,20260306_1430,2026-03-06T14:30:00+00:00,CHILLGUY,Df6yfrKC8kZE3KNkrHERKzAetSxbrWeniQfyJY4Jpump,Pnut ,2qEHjDLDLbuBgRYvsxhc5D6uDWAivNFZGan56P1tpump,-0.014997099999999977,-0.014994900000000025,-2.19999999995224e-06,-0.015008899999999983,-0.014890999999999979,-0.00011790000000000411,-0.014321800000000042,-0.017069899999999964,0.002748099999999922,-0.012108699999999964,-0.016351899999999968,0.004243200000000004,0.4,-0.5,0.12560102942621776,0.11583319094240416,12783.68,10789.5,1037067.06,2754215.23,1,1,6,7,0
0c5337dd-2488-4730-90b6-e371fd1e9511,lcr_continuation_observer_v1,lcr,20260306_1445,2026-03-06T14:45:00+00:00,$WIF,EKpQGSJtjMFqKZ9KQanSqYXRcF8fBopzLHYxdM65zcjm,BOME,ukHH6c7mMyiWCf1b9pnWe25TSpkDDt3H5pQZgZ74J82,-0.010109200000000032,-0.014994199999999949,0.004884999999999917,-0.012497799999999995,-0.015264599999999953,0.002766799999999958,-0.00985349999999995,-0.01497789999999998,0.005124400000000029,-0.013310600000000053,-0.011472699999999994,-0.001837900000000059,0.72,0.0,0.20456973086485017,0.0,27351.85,16510.36,4870301.71,8911896.5,1,1,1,2,0
0c5337dd-2488-4730-90b6-e371fd1e9511,lcr_continuation_observer_v1,lcr,20260306_1500,2026-03-06T15:00:00+00:00,$WIF,EKpQGSJtjMFqKZ9KQanSqYXRcF8fBopzLHYxdM65zcjm,BOME,ukHH6c7mMyiWCf1b9pnWe25TSpkDDt3H5pQZgZ74J82,-0.010768699999999956,-0.014994199999999949,0.004225499999999993,-0.011868599999999998,-0.014295300000000002,0.002426700000000004,-0.013561099999999984,-0.011489100000000021,-0.0020719999999999628,-0.027326100000000013,-0.011905200000000052,-0.015420899999999961,0.56,0.0,0.10904590329314609,0.0,18591.56,13646.67,4860192.74,8931835.75,1,1,3,4,0
0c5337dd-2488-4730-90b6-e371fd1e9511,lcr_continuation_observer_v1,lcr,20260306_1515,2026-03-06T15:15:00+00:00,POPCAT,7GCihgDB8fe6KNjn2MYtkzZcRjQy3t9GHdC8uHYmW2hr,Pnut ,2qEHjDLDLbuBgRYvsxhc5D6uDWAivNFZGan56P1tpump,-0.010924900000000006,-0.014994999999999972,0.004070099999999965,-0.012812200000000043,-0.01684549999999995,0.004033299999999908,-0.01601609999999997,-0.01802550000000002,0.00200940000000005,-0.0139439,-0.018025399999999962,0.004081499999999962,0.5,0.0,0.22329916521099466,0.13699531617770236,17509.4,9678.31,3231392.33,2725095.72,1,1,7,7,0
0c5337dd-2488-4730-90b6-e371fd1e9511,lcr_continuation_observer_v1,lcr,20260306_1545,2026-03-06T15:45:00+00:00,$WIF,EKpQGSJtjMFqKZ9KQanSqYXRcF8fBopzLHYxdM65zcjm,POPCAT,7GCihgDB8fe6KNjn2MYtkzZcRjQy3t9GHdC8uHYmW2hr,-0.009594799999999895,-0.009594799999999895,0.0,-0.011079000000000052,-0.01143340000000003,0.00035439999999997696,-0.016193600000000023,-0.014631599999999958,-0.001562000000000065,-0.014078200000000032,-0.013243499999999955,-0.000834700000000077,0.02,-0.32,0.04660240875248775,0.07739276979775972,17404.04,14835.81,4840213.8,3235604.75,1,1,2,2,0
0c5337dd-2488-4730-90b6-e371fd1e9511,lcr_continuation_observer_v1,lcr,20260306_1600,2026-03-06T16:00:00+00:00,JUP,JUPyiwrYJFskUPiHa7hkeR8VUtAeFoSYbKedZNsDvCN,CHILLGUY,Df6yfrKC8kZE3KNkrHERKzAetSxbrWeniQfyJY4Jpump,-0.009541699999999978,-0.014706899999999959,0.005165199999999981,-0.009109900000000106,-0.013656400000000004,0.004546499999999898,-0.009677300000000102,-0.010972399999999985,0.0012950999999998825,-0.01108980000000003,-0.00571019999999999,-0.00537960000000004,0.55,0.0,0.09850436419296504,0.09734769933481568,88519.83,5131.55,366199.25,1023374.36,1,1,5,6,0
0c5337dd-2488-4730-90b6-e371fd1e9511,lcr_continuation_observer_v1,lcr,20260306_1615,2026-03-06T16:15:00+00:00,$WIF,EKpQGSJtjMFqKZ9KQanSqYXRcF8fBopzLHYxdM65zcjm,POPCAT,7GCihgDB8fe6KNjn2MYtkzZcRjQy3t9GHdC8uHYmW2hr,-0.009110600000000071,-0.010155200000000022,0.0010445999999999511,-0.007483399999999909,-0.011340899999999978,0.003857500000000069,-0.005637300000000059,-0.005168499999999901,-0.000468800000000158,-0.009825100000000022,-0.002511399999999933,-0.00731370000000009,0.19,-0.07,0.15278521089240352,0.01830931732222869,17165.37,10659.03,4795048.22,3211166.09,1,1,8,9,0
0c5337dd-2488-4730-90b6-e371fd1e9511,lcr_continuation_observer_v1,lcr,20260306_1630,2026-03-06T16:30:00+00:00,Pnut ,2qEHjDLDLbuBgRYvsxhc5D6uDWAivNFZGan56P1tpump,BOME,ukHH6c7mMyiWCf1b9pnWe25TSpkDDt3H5pQZgZ74J82,-0.014994999999999972,-0.014994199999999949,-8.000000000230045e-07,-0.014023099999999946,-0.014994199999999949,0.0009711000000000025,-0.012135899999999969,-0.014074800000000045,0.0019389000000000767,,,,13.04,0.0,2.8136725225392203,0.0,2264.17,5760.87,2900980.31,8942937.28,1,1,3,4,0
